LAT,LON,PARAMETER,YEAR,JAN,FEB,MAR,APR,MAY,JUN,JUL,AUG,SEP,OCT,NOV,DEC,ANN
27.75421,85.30591,PRECTOT,1981,27.66,1.14,27.99,59.77,128.8,169.99,336.35,218.45,87.28,2.27,21.53,2.27,1083.5
27.75421,85.30591,PRECTOT,1982,78.26,9.49,19.64,21,36.54,67.9,219.97,180.53,124.55,2.8,6.84,4.85,772.37
27.75421,85.30591,PRECTOT,1983,0.23,0.13,9.28,8.58,48.49,96.43,138.27,86.4,54.5,52.44,0,5.41,500.15
27.75421,85.30591,PRECTOT,1984,4.19,15.04,5.06,14.02,34.99,149.69,205.48,219.56,164.91,15.29,0,2.43,830.66
27.75421,85.30591,PRECTOT,1985,17.86,0.51,0.85,0.76,31.74,42.64,295.01,181.77,171.91,76,0,4.04,823.11
27.75421,85.30591,PRECTOT,1986,0.32,14.25,3.31,14.39,34.45,153.4,225.84,102.24,37.96,34.07,0.34,32.85,653.43
27.75421,85.30591,PRECTOT,1987,4.45,3.61,12.38,10.16,13.01,34.6,215.27,222.14,162.32,93.49,0.04,2.21,773.68
27.75421,85.30591,PRECTOT,1988,0.98,2.29,39.39,30.25,78.54,101.97,295.4,199.45,56.31,13.85,0,23.75,842.18
27.75421,85.30591,PRECTOT,1989,24.3,8.05,7.76,3.35,61.25,67.57,180.9,118.23,70.46,10.58,1.47,2.38,556.31
27.75421,85.30591,PRECTOT,1990,0,21.1,11.18,5.44,13.38,92.2,359.1,149.01,111.85,18.06,0,0.2,781.54
27.75421,85.30591,PRECTOT,1991,3.98,0.23,6.58,2.59,28.79,36.51,145.42,114.84,83.11,2.76,0.13,21.12,446.07
27.75421,85.30591,PRECTOT,1992,0.96,3.47,0.37,1.23,21.09,59.34,126.18,116.17,88.29,47.6,7.45,3.47,475.61
27.75421,85.30591,PRECTOT,1993,7.01,1.54,34,18.86,58.08,92.76,162.01,70.63,89.92,5.64,2.05,0,542.5
27.75421,85.30591,PRECTOT,1994,16.16,2.22,3.96,1.31,21.54,94.21,109.2,68.75,110.13,2.67,0.96,0.02,431.13
27.75421,85.30591,PRECTOT,1995,4.61,8.28,5.57,1.91,11.22,132.27,158.83,184.19,44.91,13.12,24.79,10.68,600.38
27.75421,85.30591,PRECTOT,1996,29.87,13.13,0.29,28.72,17.15,98.83,134.17,195.62,72.24,28.35,0.13,0,618.51
27.75421,85.30591,PRECTOT,1997,5.5,0.06,1.06,28.46,18.68,75.24,172.31,115.61,26.61,4.95,2.25,16.68,467.41
27.75421,85.30591,PRECTOT,1998,0.59,4.18,7.65,10.59,40.71,61.51,161.87,188.48,97.37,27.3,1.56,0,601.82
27.75421,85.30591,PRECTOT,1999,2.55,0.5,0,3.6,41.68,83.88,89.33,115.12,60.33,51.8,0,0.01,448.8
27.75421,85.30591,PRECTOT,2000,0.9,1.35,3.1,5.74,58.2,158.44,139.31,170.84,125.06,1.42,2.5,0.02,666.88
27.75421,85.30591,PRECTOT,2001,0.3,0.14,5.02,6.09,42.44,73.06,160.65,156.52,118.29,21.47,0.28,0,584.26
27.75421,85.30591,PRECTOT,2002,12.11,10.44,22.24,6.51,61.15,74.38,126.94,76.39,54.99,21.43,0.1,10.69,477.37
27.75421,85.30591,PRECTOT,2003,5.32,44.06,2.38,6.34,9.14,87.58,153.24,81.56,49.48,29.45,0.03,12.31,480.89
27.75421,85.30591,PRECTOT,2004,22.29,0.07,17.93,142.09,107.75,166.82,365.73,177.8,150.65,67.32,23.22,0.05,1241.73
27.75421,85.30591,PRECTOT,2005,49.6,13.36,21.74,23.89,27.66,153.1,285.91,260.05,84.66,146.26,0,0.04,1066.28
27.75421,85.30591,PRECTOT,2006,0,0,23.87,16.04,132.59,220.97,292.34,162.67,195.53,29.14,1.82,21.08,1096.04
27.75421,85.30591,PRECTOT,2007,0,82.72,32.09,48.4,62.5,206.98,302.5,239.39,181.52,24.59,2,0.02,1182.71
27.75421,85.30591,PRECTOT,2008,14.79,0.68,20.69,26.79,111.02,311.86,314.76,283.21,203.99,25.61,0.05,0.98,1314.43
27.75421,85.30591,PRECTOT,2009,0.07,0.46,5.95,1.51,121.02,107.13,219.03,303.65,54.1,51.06,2.92,3.03,869.92
27.75421,85.30591,PRECTOT,2010,0.24,11.08,0.22,2.22,60.47,98.65,218.94,341.26,227.12,42.72,0.88,2.57,1006.38
27.75421,85.30591,PRECTOT,2011,0.9,12.38,10.37,19.41,142.66,179.45,287.52,261.75,162.53,6.3,0.47,0.8,1084.52
27.75421,85.30591,PRECTOT,2012,13.74,5.59,10.19,11.14,19.28,72.37,314.16,227.13,300.62,26.94,5.83,0,1006.97
27.75421,85.30591,PRECTOT,2013,9.42,43.67,15.49,29.34,121.28,301.02,221.42,344.07,177.45,156.98,2.8,0.1,1423.03
27.75421,85.30591,PRECTOT,2014,8.92,18.24,19.8,12.78,135.25,235.01,308.64,318.59,222.05,71.24,0,19.62,1370.15
27.75421,85.30591,PRECTOT,2015,10.02,8.82,76.37,68.51,68.05,170.67,298.18,388.41,135.67,51.71,0.15,0,1276.57
27.75421,85.30591,PRECTOT,2016,2.56,10.37,21.92,5.04,110.02,261.58,357.54,114.62,254.65,72.55,0,0,1210.84
27.75421,85.30591,PRECTOT,2017,9.52,0.03,57.82,71.15,126.03,128.86,239.33,344.93,145.59,48.25,0.05,0.02,1171.58
27.75421,85.30591,PRECTOT,2018,0.08,0.08,0.53,2.87,4.81,5.69,8.92,8.18,2.16,0.17,0.01,0.02,2.82
27.75421,85.30591,PRECTOT,2019,0.33,2.38,1.01,2.57,2.54,4.66,12.98,6.2,8.21,0.73,1.14,0.85,3.64
27.75421,85.30591,QV2M,1981,0,0,0.01,0.01,0.01,0.01,0.02,0.02,0.01,0.01,0.01,0,0.01
27.75421,85.30591,QV2M,1982,0,0,0.01,0.01,0.01,0.01,0.01,0.02,0.01,0.01,0.01,0,0.01
27.75421,85.30591,QV2M,1983,0,0,0,0,0.01,0.01,0.02,0.02,0.01,0.01,0,0,0.01
27.75421,85.30591,QV2M,1984,0,0,0,0,0.01,0.01,0.02,0.02,0.01,0.01,0,0,0.01
27.75421,85.30591,QV2M,1985,0,0,0,0,0.01,0.01,0.02,0.02,0.01,0.01,0.01,0.01,0.01
27.75421,85.30591,QV2M,1986,0,0,0,0,0.01,0.01,0.02,0.02,0.01,0.01,0,0,0.01
27.75421,85.30591,QV2M,1987,0,0,0,0,0.01,0.01,0.02,0.02,0.01,0.01,0.01,0,0.01
27.75421,85.30591,QV2M,1988,0,0,0,0,0.01,0.01,0.02,0.02,0.02,0.01,0.01,0,0.01
27.75421,85.30591,QV2M,1989,0,0,0,0,0.01,0.01,0.02,0.02,0.01,0.01,0,0,0.01
27.75421,85.30591,QV2M,1990,0,0,0,0,0.01,0.01,0.02,0.02,0.01,0.01,0.01,0,0.01
27.75421,85.30591,QV2M,1991,0,0,0,0,0.01,0.01,0.02,0.02,0.01,0.01,0,0,0.01
27.75421,85.30591,QV2M,1992,0,0,0,0,0.01,0.01,0.01,0.02,0.01,0.01,0.01,0,0.01
27.75421,85.30591,QV2M,1993,0,0,0,0.01,0.01,0.01,0.02,0.02,0.01,0.01,0,0,0.01
27.75421,85.30591,QV2M,1994,0,0,0,0,0.01,0.01,0.02,0.02,0.01,0.01,0,0,0.01
27.75421,85.30591,QV2M,1995,0,0,0,0,0.01,0.01,0.02,0.02,0.01,0.01,0,0,0.01
27.75421,85.30591,QV2M,1996,0,0,0,0,0.01,0.01,0.02,0.02,0.01,0.01,0,0,0.01
27.75421,85.30591,QV2M,1997,0,0,0,0.01,0.01,0.01,0.02,0.02,0.01,0.01,0,0,0.01
27.75421,85.30591,QV2M,1998,0,0,0,0,0.01,0.01,0.02,0.02,0.01,0.01,0.01,0,0.01
27.75421,85.30591,QV2M,1999,0,0,0,0,0.01,0.01,0.02,0.02,0.01,0.01,0,0,0.01
27.75421,85.30591,QV2M,2000,0,0,0,0,0.01,0.01,0.02,0.02,0.01,0.01,0.01,0,0.01
27.75421,85.30591,QV2M,2001,0,0,0,0,0.01,0.01,0.02,0.02,0.01,0.01,0.01,0,0.01
27.75421,85.30591,QV2M,2002,0,0,0,0.01,0.01,0.01,0.01,0.02,0.01,0.01,0.01,0,0.01
27.75421,85.30591,QV2M,2003,0,0,0,0,0.01,0.01,0.02,0.02,0.01,0.01,0.01,0,0.01
27.75421,85.30591,QV2M,2004,0,0,0,0.01,0.01,0.01,0.02,0.02,0.01,0.01,0.01,0.01,0.01
27.75421,85.30591,QV2M,2005,0,0,0.01,0,0.01,0.01,0.02,0.02,0.01,0.01,0.01,0,0.01
27.75421,85.30591,QV2M,2006,0,0,0,0.01,0.01,0.01,0.02,0.02,0.01,0.01,0.01,0,0.01
27.75421,85.30591,QV2M,2007,0,0.01,0.01,0.01,0.01,0.01,0.02,0.02,0.01,0.01,0.01,0,0.01
27.75421,85.30591,QV2M,2008,0,0,0,0.01,0.01,0.02,0.02,0.02,0.01,0.01,0.01,0.01,0.01
27.75421,85.30591,QV2M,2009,0,0,0,0,0.01,0.01,0.02,0.02,0.01,0.01,0.01,0,0.01
27.75421,85.30591,QV2M,2010,0,0,0,0,0.01,0.01,0.02,0.02,0.01,0.01,0.01,0,0.01
27.75421,85.30591,QV2M,2011,0,0,0,0.01,0.01,0.01,0.02,0.02,0.02,0.01,0.01,0,0.01
27.75421,85.30591,QV2M,2012,0,0,0,0.01,0.01,0.01,0.02,0.02,0.01,0.01,0.01,0,0.01
27.75421,85.30591,QV2M,2013,0,0,0.01,0.01,0.01,0.01,0.02,0.02,0.01,0.01,0.01,0.01,0.01
27.75421,85.30591,QV2M,2014,0,0,0.01,0.01,0.01,0.01,0.02,0.02,0.02,0.01,0.01,0,0.01
27.75421,85.30591,QV2M,2015,0,0.01,0.01,0.01,0.01,0.01,0.02,0.02,0.02,0.01,0.01,0,0.01
27.75421,85.30591,QV2M,2016,0,0,0,0.01,0.01,0.01,0.02,0.02,0.02,0.01,0.01,0.01,0.01
27.75421,85.30591,QV2M,2017,0,0,0.01,0.01,0.01,0.01,0.02,0.02,0.02,0.01,0.01,0,0.01
27.75421,85.30591,QV2M,2018,0,0,0,0.01,0.01,0.02,0.02,0.02,0.02,0.01,0.01,0,0.01
27.75421,85.30591,QV2M,2019,0,0,0.01,0.01,0.01,0.01,0.02,0.02,0.02,0.01,0.01,0.01,0.01
27.75421,85.30591,RH2M,1981,56.27,41.24,41.12,39.88,54.24,60.8,89.06,90.14,88.01,68.91,54.93,42.36,60.73
27.75421,85.30591,RH2M,1982,43.6,50.41,46.53,37.01,35.95,57.15,73.4,85.87,83.02,62.68,53.92,39.81,55.8
27.75421,85.30591,RH2M,1983,36.34,27.22,25.39,31.04,40.64,44.5,74.72,79.89,79.07,63.59,43.02,35.4,48.56
27.75421,85.30591,RH2M,1984,31.81,28.64,21.52,23.52,39.67,71.61,85.05,84.86,86.22,66.69,44.63,38.21,51.95
27.75421,85.30591,RH2M,1985,43.34,25.78,19.32,24.18,33.87,48.28,81.71,86.33,88.81,84.06,67.8,56.33,55.2
27.75421,85.30591,RH2M,1986,40.57,41.63,30.73,27.81,35.42,52.87,86.06,83.52,78.95,57.88,36.52,39.37,51.04
27.75421,85.30591,RH2M,1987,34.73,31.22,31.46,24.13,31.37,42.59,78.54,87.8,87.16,78.33,50.92,42.51,51.9
27.75421,85.30591,RH2M,1988,38.81,32.46,35.37,27.62,42.78,60.67,86.2,88.44,86.3,63.22,43.16,41.24,53.97
27.75421,85.30591,RH2M,1989,39.59,34.26,27.8,16.48,37.69,61.33,78.14,84.64,79.91,54.68,36.01,31.93,48.66
27.75421,85.30591,RH2M,1990,25.91,44.16,33.77,23.26,41.25,57.06,83.41,88.42,87.86,69.06,43.88,38.3,53.1
27.75421,85.30591,RH2M,1991,38.76,27.99,26.38,19.37,28.34,59.81,75.54,81.11,82.66,53.05,34.57,38.03,47.27
27.75421,85.30591,RH2M,1992,37.31,32.85,21.49,18.72,33.95,50.4,68.46,79.4,77.04,60.67,46.74,38.84,47.22
27.75421,85.30591,RH2M,1993,40.05,28.29,29.9,32.44,39.01,56.41,75.05,80.58,81.27,50.73,40.53,24.83,48.37
27.75421,85.30591,RH2M,1994,35.03,34.4,20.77,22.41,34.81,56.29,74.27,76.53,76.4,49.98,39.24,28.44,45.78
27.75421,85.30591,RH2M,1995,32.24,32.33,24.78,18.57,30.17,62.99,82.18,86.49,82.59,57.38,40,40.11,49.27
27.75421,85.30591,RH2M,1996,40.21,38.59,32.52,24.93,27.83,62.56,78.31,86.06,83.92,68,37.05,27.01,50.63
27.75421,85.30591,RH2M,1997,31.89,26.76,23.18,38.17,28.18,48.52,81.9,83.42,77.26,53.25,41.89,43.85,48.33
27.75421,85.30591,RH2M,1998,31.86,32.97,33.36,28.38,42.22,52.07,80.1,87.05,84.37,69.77,47.26,30.87,51.83
27.75421,85.30591,RH2M,1999,30.98,25.19,14.18,13.18,44.94,57.4,76.62,80.19,80.99,62.35,37.51,35.61,46.76
27.75421,85.30591,RH2M,2000,28.52,29.49,20.18,21.18,51.1,72.26,82.7,85.39,84.61,63.15,49.26,33.3,51.83
27.75421,85.30591,RH2M,2001,29.93,22.88,19.99,25.63,50.87,67.49,75.95,81.42,83.71,70.39,47.74,37.38,51.29
27.75421,85.30591,RH2M,2002,41.88,32.62,31.06,32.36,52.19,62.2,69.95,78.49,71.8,57.74,41.97,36.22,50.84
27.75421,85.30591,RH2M,2003,33.05,45.34,37.75,26.41,33.26,56.9,79.6,80.52,78.64,53.66,44.28,42.34,51.02
27.75421,85.30591,RH2M,2004,44.97,36.83,28.63,42.65,52.86,75.92,88.68,88.53,88.03,73.99,62.42,55.8,61.68
27.75421,85.30591,RH2M,2005,53.39,49.32,43.49,30.42,40.7,53.85,86.28,89.78,85.7,75.96,60.75,41.56,59.37
27.75421,85.30591,RH2M,2006,35.7,39.4,34.58,34.98,59.49,74.65,87.74,86.71,87.83,77.56,61.49,51.93,61.14
27.75421,85.30591,RH2M,2007,37.65,59.2,47.74,42.76,52.76,71.42,86.89,89.03,88.64,80.91,64.97,46.51,64.05
27.75421,85.30591,RH2M,2008,45.28,39.67,35.82,33.89,50.49,81.48,89.67,91.05,87.25,82.28,69.77,63.08,64.23
27.75421,85.30591,RH2M,2009,44.53,34.38,29.68,25.56,54.04,57.62,79.78,88.93,86.72,66.27,51.53,47.01,55.68
27.75421,85.30591,RH2M,2010,37.24,34.92,27.36,23.75,48.44,58.11,82.79,89.04,89.53,79.37,74.44,48.23,57.91
27.75421,85.30591,RH2M,2011,49.39,41.95,35.33,38.68,57.42,68.4,90.18,90.22,89.15,79.54,74.69,50.43,63.92
27.75421,85.30591,RH2M,2012,52.26,41.18,31.37,36.12,30.63,50.15,84.23,87.36,87.43,74.79,58.1,46.57,56.75
27.75421,85.30591,RH2M,2013,41.48,47.3,41.76,42.1,41.69,76.89,86.9,88.01,86.69,86.31,69.02,65.93,64.6
27.75421,85.30591,RH2M,2014,55.97,51.68,44.67,32.42,46.99,63.82,88.16,90.17,89.72,80.88,64.73,53.72,63.69
27.75421,85.30591,RH2M,2015,55.05,49.39,53.19,54.36,44.14,61.77,85.7,90.95,87.47,73.56,64.86,53.51,64.59
27.75421,85.30591,RH2M,2016,45.66,36.22,35.84,26.54,52.67,75.26,91.02,88.2,90.75,79.29,62.63,54.43,61.66
27.75421,85.30591,RH2M,2017,46.49,38.31,43.17,42.1,55.71,65.47,86.71,91.86,91.58,80.46,66.52,46.87,63.1
27.75421,85.30591,RH2M,2018,40.32,38.18,34.08,50.79,62,76.08,86.37,89.85,88.26,68.75,56.52,47.65,61.69
27.75421,85.30591,RH2M,2019,47.97,52.1,44.04,48.83,42.87,63.99,88.35,89.66,91.05,85.66,72.6,62.74,65.9
27.75421,85.30591,PS,1981,84.22,84.08,84.07,83.86,83.7,83.39,83.41,83.43,83.89,84.07,84.16,84.37,83.89
27.75421,85.30591,PS,1982,84.27,83.99,83.99,83.8,83.83,83.4,83.39,83.46,83.78,84.24,84.22,84.23,83.88
27.75421,85.30591,PS,1983,84.25,84.05,83.92,83.83,83.75,83.53,83.51,83.61,83.79,84.02,84.35,84.24,83.9
27.75421,85.30591,PS,1984,84.04,84.05,83.92,83.76,83.52,83.26,83.42,83.46,83.79,84.06,84.31,84.05,83.8
27.75421,85.30591,PS,1985,84.17,83.67,83.85,83.66,83.6,83.24,83.5,83.49,83.78,84.1,84.18,84.22,83.79
27.75421,85.30591,PS,1986,84.19,84.09,83.93,83.8,83.69,83.35,83.48,83.57,83.88,84.16,84.26,84.37,83.9
27.75421,85.30591,PS,1987,84.35,84.28,83.98,83.89,83.88,83.42,83.39,83.53,83.83,84.17,84.23,84.43,83.95
27.75421,85.30591,PS,1988,84.2,84.09,83.85,83.93,83.61,83.5,83.51,83.54,83.8,84.01,84.36,84.39,83.9
27.75421,85.30591,PS,1989,84.02,83.97,83.92,83.68,83.63,83.49,83.51,83.6,83.78,84.09,84.35,84.38,83.87
27.75421,85.30591,PS,1990,84.15,84.09,84.08,83.7,83.64,83.34,83.36,83.69,83.81,84.16,84.3,84.39,83.89
27.75421,85.30591,PS,1991,84.15,84.19,84.04,83.87,83.71,83.45,83.36,83.52,83.83,84.06,84.35,84.3,83.9
27.75421,85.30591,PS,1992,84.32,83.98,83.92,83.88,83.71,83.44,83.5,83.63,83.79,84.09,84.37,84.39,83.92
27.75421,85.30591,PS,1993,84.12,84.15,84.04,83.97,83.69,83.47,83.4,83.5,83.84,84.2,84.27,84.35,83.91
27.75421,85.30591,PS,1994,84.14,84,83.96,83.9,83.72,83.31,83.34,83.56,83.82,84.2,84.42,84.33,83.89
27.75421,85.30591,PS,1995,84.25,84.06,84.03,83.9,83.66,83.37,83.38,83.52,83.79,84.13,84.16,84.36,83.88
27.75421,85.30591,PS,1996,84.1,84.1,83.83,83.85,83.64,83.54,83.38,83.61,83.72,84.08,84.15,84.28,83.86
27.75421,85.30591,PS,1997,84.16,83.92,84.03,84,83.71,83.47,83.36,83.57,83.88,84.34,84.34,84.31,83.92
27.75421,85.30591,PS,1998,84.19,84.19,84.03,84.01,83.77,83.47,83.41,83.64,83.9,84.05,84.22,84.31,83.93
27.75421,85.30591,PS,1999,84.11,84.3,83.75,83.75,83.55,83.44,83.32,83.51,83.81,84.06,84.22,84.3,83.84
27.75421,85.30591,PS,2000,84.09,83.97,83.9,83.69,83.64,83.44,83.4,83.52,83.76,84.02,84.2,84.19,83.82
27.75421,85.30591,PS,2001,84.02,83.97,83.99,83.9,83.59,83.36,83.42,83.58,83.84,84.11,84.33,84.4,83.87
27.75421,85.30591,PS,2002,84.21,84.31,84.05,83.88,83.6,83.49,83.36,83.58,83.91,84.15,84.26,84.24,83.92
27.75421,85.30591,PS,2003,84.29,84.18,84.04,83.94,83.69,83.35,83.57,83.6,83.8,84.17,84.28,84.34,83.94
27.75421,85.30591,PS,2004,84.17,84.12,84,83.85,83.63,83.51,83.46,83.52,83.93,84.3,84.35,84.29,83.92
27.75421,85.30591,PS,2005,84.18,84.14,84.07,84.06,83.72,83.37,83.51,83.47,83.89,84.22,84.23,84.22,83.92
27.75421,85.30591,PS,2006,84.19,84.15,84.03,83.89,83.75,83.58,83.42,83.61,83.88,84.28,84.26,84.32,83.94
27.75421,85.30591,PS,2007,84.28,84.11,84.05,83.97,83.75,83.51,83.4,83.55,83.72,84.07,84.26,84.19,83.9
27.75421,85.30591,PS,2008,84.08,84.05,83.96,83.89,83.63,83.44,83.42,83.55,83.83,84.17,84.28,84.26,83.88
27.75421,85.30591,PS,2009,84.28,84.03,84.03,83.85,83.71,83.45,83.39,83.64,83.84,84.1,84.25,84.22,83.9
27.75421,85.30591,PS,2010,84.31,84.13,84.03,83.9,83.67,83.54,83.63,83.73,83.86,84.02,84.2,84.03,83.92
27.75421,85.30591,PS,2011,84.01,84.07,83.98,84.01,83.71,83.4,83.47,83.62,83.7,84.12,84.24,84.21,83.88
27.75421,85.30591,PS,2012,84.08,83.98,83.95,83.83,83.66,83.25,83.35,83.57,83.84,84.16,84.14,84.11,83.83
27.75421,85.30591,PS,2013,84.16,84.22,84.06,83.84,83.6,83.46,83.38,83.59,83.79,84.12,84.26,84.17,83.89
27.75421,85.30591,PS,2014,84.32,84.03,84.11,83.98,83.78,83.37,83.44,83.56,83.81,84.25,84.19,84.28,83.93
27.75421,85.30591,PS,2015,84.28,84.22,84.23,83.99,83.78,83.51,83.44,83.61,83.86,84.26,84.35,84.3,83.98
27.75421,85.30591,PS,2016,84.21,84.28,84.16,83.78,83.72,83.62,83.49,83.57,83.78,84,84.24,84.28,83.93
27.75421,85.30591,PS,2017,84.26,84.24,83.96,83.86,83.8,83.49,83.49,83.59,83.83,84.05,84.25,84.35,83.93
27.75421,85.30591,PS,2018,84.02,84.18,84.02,83.95,83.77,83.42,83.34,83.47,83.88,84.24,84.3,84.28,83.9
27.75421,85.30591,PS,2019,84.32,84.19,84.06,83.97,83.76,83.55,83.41,83.56,83.95,84.24,84.3,84.34,83.97
27.75421,85.30591,TS,1981,5.35,9.33,14.35,18.53,22.06,23.62,21.68,20.9,19.14,14.77,10.15,6.21,15.53
27.75421,85.30591,TS,1982,6.86,7.34,13.27,19.53,23.19,25.12,23.81,21.59,19.11,15.45,10.78,7.06,16.14
27.75421,85.30591,TS,1983,5.12,7.94,14.59,18.77,23.12,25.59,24.15,22.98,21.2,17.13,11.25,6.61,16.58
27.75421,85.30591,TS,1984,5.38,8.42,15.84,21.24,23.89,23.79,21.51,21.32,18.31,15.63,9.56,7.07,16.01
27.75421,85.30591,TS,1985,5.78,8.19,16,21.62,23.62,26.54,21.88,21.62,19.24,15.42,9.81,7.31,16.45
27.75421,85.30591,TS,1986,5.98,9.14,14.61,20.07,22.29,25.32,21.33,21.49,20.08,15.64,10.96,6.72,16.16
27.75421,85.30591,TS,1987,6.25,10.36,14.6,20.31,23.15,26.92,23.46,20.98,19.53,14.76,10.03,7.53,16.51
27.75421,85.30591,TS,1988,7.03,10.51,14.37,20.57,23.35,24.55,21.94,21.04,20.21,16.16,11.63,8.4,16.65
27.75421,85.30591,TS,1989,4.89,8.42,14.47,19.93,24.02,24.97,23.11,21.38,21.1,17.39,10.79,6.74,16.47
27.75421,85.30591,TS,1990,8.15,9.88,13.63,19.91,24.97,25.94,22.39,20.94,19.86,15.38,11.89,7.93,16.77
27.75421,85.30591,TS,1991,6.23,10.96,15.59,20.46,25.09,25.04,24.06,22.44,20.48,16.94,10.35,6.94,17.08
27.75421,85.30591,TS,1992,6.25,7.61,16.01,21.27,22.86,25.35,23.72,22.3,21,16.74,11.38,6.75,16.79
27.75421,85.30591,TS,1993,6.09,10.02,13.1,19.22,22.85,24.95,24.06,22.5,20.22,16.82,11.85,7.64,16.64
27.75421,85.30591,TS,1994,7.75,9.12,15.76,20.47,24.61,25.98,24.37,23.45,20.88,16.27,11.43,6.97,17.29
27.75421,85.30591,TS,1995,5.58,9.38,15.35,20.44,25.61,25.51,22.65,21.34,20.56,17.34,11.3,7.27,16.89
27.75421,85.30591,TS,1996,5.53,9.25,16.3,19.76,24.62,24.54,23.03,21.36,19.95,16.55,11.1,6.79,16.58
27.75421,85.30591,TS,1997,5.42,7.93,14.97,18.44,23.23,26.14,22.84,22.01,21.44,16.59,12.38,7,16.57
27.75421,85.30591,TS,1998,6.02,9.91,13.95,20.36,24.62,26.43,23.65,21.75,20.48,18.42,13.3,7.86,17.26
27.75421,85.30591,TS,1999,6.77,12.52,15.77,21.2,23.95,25.28,23.76,22.49,20.92,16.83,11.69,7.81,17.43
27.75421,85.30591,TS,2000,6.85,8.04,14.01,20.86,24.22,23.6,22.52,21.9,19.3,16.96,11.84,7.25,16.46
27.75421,85.30591,TS,2001,6.09,9.97,15.13,20.9,24.2,24.76,24.24,22.72,19.55,16.91,11.81,6.79,16.95
27.75421,85.30591,TS,2002,6.58,10.2,15.16,20.82,23.14,24.84,24.28,22.81,21.36,17.18,12.44,7.71,17.24
27.75421,85.30591,TS,2003,5.93,8.71,14.17,21.1,23.46,24.93,23.16,22.97,21.48,17.47,11.71,7.44,16.91
27.75421,85.30591,TS,2004,6.29,9.26,16.15,20.13,21.74,22.32,21.09,21.29,19.56,14.28,9.56,7.01,15.73
27.75421,85.30591,TS,2005,5.88,9.42,15.22,19.15,22.29,24.94,21.96,21.31,19.96,15.12,9.42,6.43,15.95
27.75421,85.30591,TS,2006,6.77,11.84,14.5,19.59,23.14,21.86,22.06,21.39,19.33,15.51,10.61,7.04,16.15
27.75421,85.30591,TS,2007,5.76,7.45,12.99,20.19,23.02,23.32,21.89,21.12,19.53,15.99,10.64,6.56,15.74
27.75421,85.30591,TS,2008,6.49,7.62,14.54,19.82,22.97,22.03,21.32,20.88,19.03,15.63,11.26,8.6,15.87
27.75421,85.30591,TS,2009,8.01,10.7,15.02,20.73,22.49,24.07,23.66,21.29,19.92,15.22,11.36,7.44,16.68
27.75421,85.30591,TS,2010,7.22,9.43,16.79,22.51,23.86,25.59,22.83,21.39,19.38,15.69,12.08,6.15,16.94
27.75421,85.30591,TS,2011,4.96,9.16,14.67,18.98,22.37,23.47,21.29,20.67,19.57,15.85,11.26,6.53,15.76
27.75421,85.30591,TS,2012,5.15,9.59,13.73,20.42,24.57,26.03,22.55,21.27,19.44,13.83,8.74,6.16,15.96
27.75421,85.30591,TS,2013,4.39,9.09,15.02,19.33,22.28,22.5,21.99,20.75,19.51,16.14,10.08,6.7,15.68
27.75421,85.30591,TS,2014,6.2,8.65,14.02,19.94,22.74,24.21,21.93,21.11,19.4,14.97,10.47,6.53,15.88
27.75421,85.30591,TS,2015,6.32,9.94,13.97,18.18,22.59,24.34,21.91,21.23,19.74,15.36,11.43,6.66,16
27.75421,85.30591,TS,2016,5.77,10.48,15.79,21.8,22.81,22.95,21.33,21.3,19.63,16.19,10.79,8.37,16.44
27.75421,85.30591,TS,2017,7.14,10.9,13.45,19.54,22.1,24.31,21.93,21.07,20.31,17.11,11.52,8.84,16.54
27.75421,85.30591,TS,2018,5.95,10.41,15.29,18.98,21.52,22.83,22.3,21.2,20.04,15.09,11.7,7.29,16.07
27.75421,85.30591,TS,2019,6.76,9.33,13.57,19.22,22.74,24.52,22,21.55,19.6,15.86,11.71,5.34,16.04
27.75421,85.30591,T2M_MAX,1981,13.57,18.38,21.27,25.27,26.72,27.88,24.26,23.64,22.51,21.28,18.34,16.05,21.6
27.75421,85.30591,T2M_MAX,1982,16.05,15.54,20.35,25.82,28.78,28.75,26.82,24.62,22.95,21.67,18.54,16.61,22.24
27.75421,85.30591,T2M_MAX,1983,14.42,16.79,22.64,25.16,27.99,30.05,27.04,26.1,24.71,22.79,19.97,16.57,22.88
27.75421,85.30591,T2M_MAX,1984,15.28,18.11,24.76,28.1,29.29,26.72,24.16,24.57,22,21.88,18.47,16.9,22.53
27.75421,85.30591,T2M_MAX,1985,15.01,18.1,25.08,28.45,29,30.19,24.56,24.61,22.28,19.74,17.08,15.84,22.51
27.75421,85.30591,T2M_MAX,1986,15.64,17.48,22.55,26.67,27.68,29.25,24.04,24.77,23.79,22.02,20.16,16.27,22.54
27.75421,85.30591,T2M_MAX,1987,16.3,19.12,22.23,27.23,28.71,30.97,26.15,23.86,22.9,20.33,19.33,17.61,22.9
27.75421,85.30591,T2M_MAX,1988,16.53,19.36,22.21,27.83,28.77,28.34,24.66,23.68,23.6,22.61,20.27,17.36,22.93
27.75421,85.30591,T2M_MAX,1989,14.92,17.38,22.6,28.02,29.35,28.27,25.91,24.32,24.69,23.9,19.54,16.58,22.98
27.75421,85.30591,T2M_MAX,1990,18.71,16.96,20.87,26.85,29.1,29.51,24.99,23.77,23.08,21.15,20.75,17.3,22.78
27.75421,85.30591,T2M_MAX,1991,15.21,19.84,23.59,27.72,30.71,28.09,27.28,25.47,24.05,23.77,19.4,16.62,23.49
27.75421,85.30591,T2M_MAX,1992,15.91,16.52,24.63,28.77,28.12,29.2,27.02,25.58,25.07,22.72,19.99,16.38,23.34
27.75421,85.30591,T2M_MAX,1993,15.29,19.35,21.18,26.17,28.44,28.79,27.08,25.53,23.76,23.84,20.7,18.31,23.22
27.75421,85.30591,T2M_MAX,1994,17.4,17.62,24.49,27.24,29.8,29.49,27.51,26.72,24.82,23.47,20.07,17.43,23.87
27.75421,85.30591,T2M_MAX,1995,14.95,17.75,23.22,27.78,30.97,28.66,25.4,24.24,24.12,23.62,20.55,16.53,23.17
27.75421,85.30591,T2M_MAX,1996,15.37,18.13,24.01,27.15,30.47,27.65,25.94,24.24,23.43,21.99,20.55,18.03,23.09
27.75421,85.30591,T2M_MAX,1997,15.18,16.95,22.99,24.19,29.1,29.66,25.77,25.13,25.06,22.59,20.2,15.84,22.75
27.75421,85.30591,T2M_MAX,1998,15.67,18.34,21.27,27.11,29.59,30.4,26.48,24.64,24.01,24,21.49,18.3,23.46
27.75421,85.30591,T2M_MAX,1999,16.67,21.64,25.14,29.86,28.65,28.73,26.69,25.41,24.37,23.04,20.73,17.62,24.05
27.75421,85.30591,T2M_MAX,2000,16.7,16.62,22.11,28.27,28.21,26.6,25.35,24.72,22.95,23.33,20.16,17.7,22.74
27.75421,85.30591,T2M_MAX,2001,16.53,19.74,23.41,27.49,28.1,27.93,27.33,25.84,23.31,22.48,20.47,16.81,23.3
27.75421,85.30591,T2M_MAX,2002,15.58,19.49,23.16,27.07,27.62,28.2,27.42,26.13,25.55,23.34,21.11,17.53,23.53
27.75421,85.30591,T2M_MAX,2003,16.44,17.2,21.52,27.8,28.66,28.51,26.04,26.05,24.95,24.38,20.41,16.85,23.26
27.75421,85.30591,T2M_MAX,2004,15.36,18.34,24.75,25.87,26.77,25.4,23.65,24.22,22.84,19.9,17.22,15.87,21.69
27.75421,85.30591,T2M_MAX,2005,14.38,17.71,22.4,26.17,27.46,28.99,24.71,24.06,23.53,20.76,17.82,16.81,22.08
27.75421,85.30591,T2M_MAX,2006,17.44,20.72,22.23,25.79,26.8,25.22,24.79,24.37,22.69,20.84,18.06,16.32,22.11
27.75421,85.30591,T2M_MAX,2007,15.94,15.41,20.72,26.28,27.35,26.62,24.44,23.92,22.57,21.3,18.27,16.41,21.63
27.75421,85.30591,T2M_MAX,2008,15.06,16.4,22.36,26.49,27.21,24.73,23.78,23.5,22.46,20.68,18.73,16.79,21.53
27.75421,85.30591,T2M_MAX,2009,17.34,19.82,23.09,27.74,26.78,28.01,26.57,24.11,23.44,21.64,19.54,16.4,22.88
27.75421,85.30591,T2M_MAX,2010,17.21,18.33,24.95,29.29,28.21,29.12,25.44,24.04,22.53,20.95,18.46,15.81,22.88
27.75421,85.30591,T2M_MAX,2011,14.08,17.95,22.5,24.83,26.65,26.88,23.8,23.48,22.73,21.05,17.65,16.02,21.48
27.75421,85.30591,T2M_MAX,2012,13.52,18.09,21.97,26.4,29.96,30.09,25.33,24.26,23.01,20.07,17.47,16.17,22.19
27.75421,85.30591,T2M_MAX,2013,14.32,17.9,22.72,25.32,27.88,25.83,24.84,23.67,23.12,20.39,17.79,14.93,21.57
27.75421,85.30591,T2M_MAX,2014,15.19,16.63,21.26,26.75,27.69,28.06,24.52,23.76,22.51,20.35,18.3,16.13,21.78
27.75421,85.30591,T2M_MAX,2015,15.12,17.97,20.82,23.41,28.11,28.28,24.85,23.92,23.18,20.98,18.63,15.42,21.74
27.75421,85.30591,T2M_MAX,2016,14.8,19.54,23.61,29.17,27.12,25.95,23.78,24.23,22.58,21.23,18.87,17.54,22.36
27.75421,85.30591,T2M_MAX,2017,16.07,19.77,20.79,26.38,26.93,27.81,24.83,23.6,23.29,21.81,18.68,18.25,22.35
27.75421,85.30591,T2M_MAX,2018,15.68,18.77,23.05,24.49,25.77,26.08,25.01,23.89,23.55,20.94,19.36,16.07,21.9
27.75421,85.30591,T2M_MAX,2019,15.17,17.14,21.09,25.21,28.52,28.3,24.57,24.33,22.37,20.26,18.63,13.81,21.63
27.75421,85.30591,T2M_MIN,1981,3.59,6.4,9.13,12.14,15.6,17.88,18.37,17.95,16.34,12.63,8.67,5.27,12.03
27.75421,85.30591,T2M_MIN,1982,5.17,3.93,8.38,12.58,15.6,18.17,19,18.24,16.17,12.26,8.59,5.58,12.02
27.75421,85.30591,T2M_MIN,1983,3.11,4.16,8.92,11.96,15.38,18.1,19.08,18.47,17.25,13.76,9.11,5.39,12.1
27.75421,85.30591,T2M_MIN,1984,3.39,4.79,10.55,13.63,16.32,18.66,17.69,17.83,15.68,13.27,8.19,5.81,12.17
27.75421,85.30591,T2M_MIN,1985,3.51,4.88,10.3,14.02,15.53,18.91,17.65,18.07,16.39,13.08,8.48,6.28,12.3
27.75421,85.30591,T2M_MIN,1986,4.57,5.92,9.04,12.54,14.24,18.17,17.83,17.68,15.99,12.16,9.02,5.24,11.89
27.75421,85.30591,T2M_MIN,1987,4.43,6.74,9.16,12.72,15.51,18.92,18.86,17.73,16.82,12.39,9.47,6.73,12.48
27.75421,85.30591,T2M_MIN,1988,5.57,6.95,9.09,13.48,15.84,18.01,18.46,18,16.97,13.24,9.46,6.94,12.68
27.75421,85.30591,T2M_MIN,1989,3.07,4.71,9.31,12.26,16.53,18.18,18.4,17.64,17.06,13.6,8.5,5.3,12.09
27.75421,85.30591,T2M_MIN,1990,6.3,5.97,7.98,12.34,17.16,19.09,18.43,17.77,16.82,12.76,10.24,6.84,12.68
27.75421,85.30591,T2M_MIN,1991,3.95,7.09,9.95,12.49,16.54,18.71,19.03,18.4,16.77,13.19,8.58,5.4,12.54
27.75421,85.30591,T2M_MIN,1992,4.2,3.79,10.34,13.6,15.14,17.99,18.27,17.98,16.64,13.08,8.86,5.52,12.14
27.75421,85.30591,T2M_MIN,1993,3.98,6.69,7.94,12.35,15.32,18.13,18.76,18.23,16.55,13.31,9.72,6.97,12.36
27.75421,85.30591,T2M_MIN,1994,5.76,4.95,10.13,12.42,16.37,19.16,19.03,18.76,16.86,12.57,8.86,5.57,12.58
27.75421,85.30591,T2M_MIN,1995,3.2,5.16,9.65,12.83,17.03,18.91,18.43,18.01,16.78,13.69,9.22,5.72,12.42
27.75421,85.30591,T2M_MIN,1996,3.7,6.02,10.58,12.74,16.01,18.28,18.45,17.9,16.65,13.17,9.34,6.16,12.43
27.75421,85.30591,T2M_MIN,1997,3.6,3.54,9.42,11.35,14.98,18.36,18.6,18.05,16.58,12.31,9.44,5.04,11.82
27.75421,85.30591,T2M_MIN,1998,3.94,5.87,8.31,13.08,16.84,19.15,19,18.26,17.03,14.87,11.08,6.82,12.89
27.75421,85.30591,T2M_MIN,1999,4.7,8.96,10.47,14.29,16.49,18.46,18.72,18.21,17.05,13.52,9.7,6.45,13.1
27.75421,85.30591,T2M_MIN,2000,4.58,3.71,8.29,13.68,17.26,18.29,18.56,18.24,16.3,13.73,9.65,6.53,12.43
27.75421,85.30591,T2M_MIN,2001,4.5,6.8,9.42,13.19,16.9,18.63,19.15,18.5,16.58,13.76,9.94,6.02,12.81
27.75421,85.30591,T2M_MIN,2002,4.55,6.64,9.9,13.61,16.2,18.29,19.18,18.27,16.62,13.06,9.78,6.22,12.72
27.75421,85.30591,T2M_MIN,2003,4.12,5.19,8.62,13.9,15.22,18.72,18.57,18.6,17.51,13.62,9.47,5.78,12.48
27.75421,85.30591,T2M_MIN,2004,4.09,5.96,11.14,13.93,15.62,17.63,17.74,18,16.53,11.96,8.29,6.1,12.26
27.75421,85.30591,T2M_MIN,2005,4.16,5.81,10.13,12.54,14.75,18.68,18.19,18.21,17,12.76,8.49,6.45,12.3
27.75421,85.30591,T2M_MIN,2006,5.86,8.94,9.39,12.42,16.64,17.19,18.56,18.01,16.52,13.02,8.91,6.38,12.67
27.75421,85.30591,T2M_MIN,2007,4.89,4.11,8.3,13.95,16.4,18.05,18.29,17.93,16.77,13.63,9.29,5.96,12.34
27.75421,85.30591,T2M_MIN,2008,4.68,4.3,9.45,12.66,15.79,17.9,18.03,17.78,16.38,13.22,9.98,7.69,12.35
27.75421,85.30591,T2M_MIN,2009,6.64,7.59,9.67,13.89,15.69,17.75,18.83,18.03,16.86,13.21,9.52,6.21,12.85
27.75421,85.30591,T2M_MIN,2010,5.35,5.97,11.46,15.05,16.62,18.63,18.52,18.19,16.61,13.61,10.46,5.8,13.06
27.75421,85.30591,T2M_MIN,2011,3.19,5.84,9.55,12.02,16.01,17.7,18.15,17.75,16.85,13.37,9.44,6.19,12.2
27.75421,85.30591,T2M_MIN,2012,3.09,6.17,8.76,13.02,16.48,19.44,18.63,17.82,16.49,11.7,7.69,5.19,12.05
27.75421,85.30591,T2M_MIN,2013,2.39,5.46,9.89,12.84,15.69,17.72,18.15,17.49,16.6,13.78,9.33,6.09,12.15
27.75421,85.30591,T2M_MIN,2014,4.74,5.63,9.34,13.24,16.24,18.83,18.89,18.38,16.81,13.02,9.98,6.36,12.66
27.75421,85.30591,T2M_MIN,2015,4.43,7.04,9.53,12.75,16.28,18.57,18.41,18.36,17.12,13.55,10.41,5.91,12.72
27.75421,85.30591,T2M_MIN,2016,4.57,7.61,11.05,15.23,16.75,18.5,18.63,18.63,17.19,14.26,10.21,8.08,13.4
27.75421,85.30591,T2M_MIN,2017,5.5,7.83,9.08,13.5,16.29,18.94,18.6,18.63,17.71,14.62,10.09,8.47,13.3
27.75421,85.30591,T2M_MIN,2018,4.6,7.55,9.84,12.99,15.66,18.36,18.98,18.45,17.1,11.97,9.45,5.4,12.55
27.75421,85.30591,T2M_MIN,2019,4.4,5.81,8.74,13.62,16.03,18.58,18.93,18.73,17.23,13.55,10.84,4.69,12.63
27.75421,85.30591,T2M_RANGE,1981,9.98,11.98,12.14,13.13,11.12,10,5.89,5.69,6.17,8.65,9.67,10.78,9.58
27.75421,85.30591,T2M_RANGE,1982,10.88,11.61,11.98,13.24,13.18,10.58,7.82,6.38,6.78,9.41,9.95,11.04,10.23
27.75421,85.30591,T2M_RANGE,1983,11.31,12.63,13.72,13.21,12.61,11.95,7.96,7.64,7.46,9.03,10.86,11.18,10.78
27.75421,85.30591,T2M_RANGE,1984,11.89,13.32,14.21,14.47,12.98,8.06,6.46,6.74,6.33,8.61,10.28,11.1,10.36
27.75421,85.30591,T2M_RANGE,1985,11.5,13.22,14.78,14.42,13.47,11.28,6.92,6.55,5.89,6.66,8.6,9.56,10.21
27.75421,85.30591,T2M_RANGE,1986,11.07,11.56,13.51,14.13,13.43,11.08,6.21,7.09,7.8,9.86,11.14,11.03,10.65
27.75421,85.30591,T2M_RANGE,1987,11.88,12.38,13.07,14.51,13.2,12.05,7.29,6.13,6.09,7.94,9.86,10.88,10.42
27.75421,85.30591,T2M_RANGE,1988,10.97,12.41,13.12,14.35,12.93,10.32,6.19,5.68,6.63,9.38,10.81,10.42,10.25
27.75421,85.30591,T2M_RANGE,1989,11.85,12.68,13.29,15.76,12.82,10.09,7.51,6.68,7.63,10.3,11.03,11.28,10.89
27.75421,85.30591,T2M_RANGE,1990,12.4,10.99,12.89,14.5,11.93,10.43,6.57,6.01,6.26,8.39,10.51,10.45,10.1
27.75421,85.30591,T2M_RANGE,1991,11.26,12.75,13.64,15.22,14.17,9.38,8.24,7.06,7.27,10.59,10.82,11.21,10.96
27.75421,85.30591,T2M_RANGE,1992,11.71,12.73,14.29,15.18,12.98,11.21,8.75,7.6,8.43,9.64,11.13,10.86,11.2
27.75421,85.30591,T2M_RANGE,1993,11.31,12.66,13.23,13.82,13.13,10.66,8.31,7.3,7.2,10.53,10.98,11.34,10.86
27.75421,85.30591,T2M_RANGE,1994,11.64,12.67,14.36,14.82,13.42,10.33,8.48,7.95,7.96,10.91,11.21,11.86,11.29
27.75421,85.30591,T2M_RANGE,1995,11.75,12.6,13.57,14.96,13.94,9.74,6.97,6.23,7.34,9.93,11.33,10.81,10.75
27.75421,85.30591,T2M_RANGE,1996,11.67,12.11,13.43,14.41,14.46,9.37,7.49,6.35,6.78,8.82,11.21,11.87,10.66
27.75421,85.30591,T2M_RANGE,1997,11.59,13.41,13.57,12.84,14.12,11.3,7.17,7.08,8.48,10.29,10.76,10.79,10.93
27.75421,85.30591,T2M_RANGE,1998,11.73,12.47,12.95,14.03,12.75,11.25,7.49,6.38,6.98,9.13,10.41,11.48,10.57
27.75421,85.30591,T2M_RANGE,1999,11.97,12.68,14.68,15.56,12.16,10.27,7.97,7.2,7.32,9.53,11.03,11.17,10.95
27.75421,85.30591,T2M_RANGE,2000,12.12,12.91,13.82,14.59,10.95,8.31,6.79,6.47,6.66,9.6,10.51,11.18,10.31
27.75421,85.30591,T2M_RANGE,2001,12.03,12.94,13.99,14.29,11.2,9.3,8.18,7.33,6.72,8.72,10.53,10.79,10.49
27.75421,85.30591,T2M_RANGE,2002,11.02,12.85,13.25,13.46,11.41,9.91,8.24,7.86,8.94,10.29,11.33,11.31,10.81
27.75421,85.30591,T2M_RANGE,2003,12.32,12.01,12.9,13.9,13.44,9.79,7.47,7.44,7.44,10.77,10.93,11.07,10.78
27.75421,85.30591,T2M_RANGE,2004,11.28,12.38,13.61,11.94,11.15,7.77,5.91,6.22,6.31,7.94,8.94,9.77,9.43
27.75421,85.30591,T2M_RANGE,2005,10.22,11.9,12.26,13.63,12.71,10.31,6.52,5.85,6.53,8,9.33,10.36,9.78
27.75421,85.30591,T2M_RANGE,2006,11.57,11.78,12.83,13.37,10.16,8.03,6.23,6.36,6.17,7.82,9.16,9.94,9.44
27.75421,85.30591,T2M_RANGE,2007,11.05,11.3,12.42,12.33,10.94,8.56,6.16,5.99,5.8,7.67,8.98,10.45,9.29
27.75421,85.30591,T2M_RANGE,2008,10.38,12.11,12.91,13.82,11.42,6.83,5.75,5.72,6.08,7.46,8.75,9.1,9.18
27.75421,85.30591,T2M_RANGE,2009,10.7,12.23,13.42,13.85,11.09,10.26,7.74,6.09,6.58,8.44,10.03,10.2,10.03
27.75421,85.30591,T2M_RANGE,2010,11.86,12.36,13.48,14.25,11.6,10.49,6.92,5.84,5.92,7.34,7.99,10.01,9.82
27.75421,85.30591,T2M_RANGE,2011,10.89,12.11,12.96,12.81,10.64,9.18,5.66,5.73,5.88,7.68,8.21,9.83,9.28
27.75421,85.30591,T2M_RANGE,2012,10.43,11.92,13.21,13.38,13.47,10.65,6.7,6.44,6.52,8.37,9.78,10.98,10.14
27.75421,85.30591,T2M_RANGE,2013,11.93,12.43,12.84,12.48,12.19,8.11,6.69,6.17,6.52,6.61,8.46,8.84,9.42
27.75421,85.30591,T2M_RANGE,2014,10.46,11,11.92,13.51,11.45,9.23,5.63,5.38,5.7,7.33,8.32,9.77,9.13
27.75421,85.30591,T2M_RANGE,2015,10.69,10.93,11.28,10.66,11.83,9.71,6.44,5.57,6.06,7.43,8.22,9.51,9.02
27.75421,85.30591,T2M_RANGE,2016,10.24,11.93,12.55,13.93,10.36,7.45,5.15,5.6,5.38,6.97,8.66,9.46,8.96
27.75421,85.30591,T2M_RANGE,2017,10.57,11.94,11.71,12.88,10.65,8.87,6.23,4.98,5.58,7.19,8.59,9.78,9.06
27.75421,85.30591,T2M_RANGE,2018,11.09,11.22,13.21,11.5,10.11,7.72,6.03,5.44,6.45,8.97,9.91,10.66,9.35
27.75421,85.30591,T2M_RANGE,2019,10.76,11.33,12.35,11.59,12.49,9.72,5.64,5.6,5.14,6.71,7.79,9.12,9.01
27.75421,85.30591,T2M,1981,7.5,11.26,14.48,18.38,20.99,22.66,21.11,20.58,19.07,16.16,12.42,9.28,16.18
27.75421,85.30591,T2M,1982,9.39,8.83,13.57,18.96,22.07,23.19,22.53,21.11,19.17,16.28,12.46,9.73,16.48
27.75421,85.30591,T2M,1983,7.48,9.44,14.96,18.1,21.63,24.08,22.7,21.86,20.45,17.43,13.29,9.54,16.78
27.75421,85.30591,T2M,1984,7.91,10.22,16.72,20.6,22.67,22.33,20.63,20.88,18.37,16.86,12.15,9.99,16.63
27.75421,85.30591,T2M,1985,8.09,10.37,17,20.89,22.34,24.38,20.75,21,18.99,15.93,11.77,9.9,16.81
27.75421,85.30591,T2M,1986,8.8,10.6,15.04,19.4,20.95,23.5,20.64,20.85,19.3,16.2,13.26,9.43,16.52
27.75421,85.30591,T2M,1987,9.04,11.81,14.98,19.68,21.89,24.8,22.07,20.49,19.46,15.74,13.29,10.82,17.02
27.75421,85.30591,T2M,1988,9.7,12.12,14.92,20.41,22.22,22.91,21.22,20.57,19.9,17.14,13.69,10.86,17.14
27.75421,85.30591,T2M,1989,7.61,9.92,15.06,19.86,22.76,22.96,21.73,20.71,20.33,17.89,12.78,9.55,16.8
27.75421,85.30591,T2M,1990,11.08,10.49,13.75,19.35,23.06,24.07,21.37,20.51,19.55,16.24,14.36,10.72,17.07
27.75421,85.30591,T2M,1991,8.3,12.38,15.96,19.87,23.64,23.09,22.61,21.47,19.85,17.52,12.7,9.67,17.28
27.75421,85.30591,T2M,1992,8.79,9.05,16.56,20.82,21.49,23.4,22.21,21.3,20.22,17.09,13.25,9.6,17
27.75421,85.30591,T2M,1993,8.28,11.93,13.67,18.86,21.89,23.25,22.53,21.43,19.56,17.6,13.93,11.1,17.02
27.75421,85.30591,T2M,1994,10.18,10.14,16.45,19.51,23,24.04,22.8,22.22,20.22,17.08,13.26,9.99,17.45
27.75421,85.30591,T2M,1995,7.76,10.42,15.53,20,23.99,23.54,21.51,20.8,19.91,17.78,13.61,9.78,17.08
27.75421,85.30591,T2M,1996,8.16,10.94,16.47,19.63,23.36,22.66,21.81,20.66,19.56,16.84,13.57,10.47,17.02
27.75421,85.30591,T2M,1997,8.01,9.29,15.34,17.51,22.02,23.91,21.78,21.17,20.25,16.55,13.66,9.17,16.59
27.75421,85.30591,T2M,1998,8.35,11.01,13.89,19.73,23.09,24.54,22.25,20.97,20.07,18.6,15.1,11.05,17.41
27.75421,85.30591,T2M,1999,9.28,14,16.83,21.61,22.43,23.28,22.19,21.34,20.18,17.49,13.94,10.63,17.77
27.75421,85.30591,T2M,2000,9.27,9.13,14.47,20.67,22.51,22.12,21.56,21.07,19.19,17.74,13.65,10.5,16.84
27.75421,85.30591,T2M,2001,8.96,12.01,15.59,20.08,22.27,22.81,22.75,21.77,19.47,17.38,13.95,9.95,17.27
27.75421,85.30591,T2M,2002,8.72,11.81,15.76,20.01,21.6,22.99,22.85,21.67,20.39,17.38,14.22,10.4,17.34
27.75421,85.30591,T2M,2003,8.81,10.15,14.34,20.52,21.91,23.26,21.88,21.9,20.67,18.08,13.65,9.97,17.13
27.75421,85.30591,T2M,2004,8.42,11.06,17.14,19.6,21.01,21.25,20.44,20.86,19.34,15.39,11.91,9.91,16.37
27.75421,85.30591,T2M,2005,8.15,10.88,15.57,19.03,21.13,23.63,21.18,20.81,19.9,16.19,12.21,10.24,16.6
27.75421,85.30591,T2M,2006,10.16,13.72,15.02,18.85,21.5,21.04,21.41,20.91,19.24,16.34,12.57,10.13,16.75
27.75421,85.30591,T2M,2007,9,8.99,13.97,19.84,21.74,22.09,21.11,20.66,19.35,16.8,12.81,9.82,16.39
27.75421,85.30591,T2M,2008,8.65,9.29,15.21,19.39,21.38,21.05,20.75,20.42,19.07,16.38,13.46,11.1,16.36
27.75421,85.30591,T2M,2009,10.67,12.55,15.69,20.42,21.06,22.79,22.37,20.77,19.74,16.68,13.43,9.9,17.19
27.75421,85.30591,T2M,2010,9.83,11.11,17.41,21.89,22.29,23.61,21.7,20.83,19.22,16.71,13.66,9.6,17.35
27.75421,85.30591,T2M,2011,7.37,10.95,15.3,18.23,21.16,22.09,20.72,20.35,19.45,16.62,12.76,9.75,16.25
27.75421,85.30591,T2M,2012,7.16,11,14.62,19.53,23.27,24.59,21.6,20.73,19.36,15.17,11.44,9.23,16.48
27.75421,85.30591,T2M,2013,6.98,10.69,15.58,18.77,21.52,21.45,21.18,20.33,19.55,16.6,12.65,9.45,16.25
27.75421,85.30591,T2M,2014,8.72,10.06,14.57,19.67,21.89,23.28,21.5,20.82,19.32,16.06,13.15,10.02,16.62
27.75421,85.30591,T2M,2015,8.66,11.55,14.55,17.8,22.18,23.2,21.36,20.86,19.81,16.68,13.71,9.51,16.68
27.75421,85.30591,T2M,2016,8.45,12.54,16.51,21.78,21.54,22.03,20.97,21.18,19.57,17.18,13.65,11.63,17.26
27.75421,85.30591,T2M,2017,9.61,12.77,14.24,19.57,21.39,23.15,21.36,20.84,20.17,17.7,13.54,12.06,17.22
27.75421,85.30591,T2M,2018,8.78,12.1,15.84,18.44,20.51,22.01,21.72,20.91,19.89,15.87,13.39,9.55,16.6
27.75421,85.30591,T2M,2019,8.62,10.59,14.17,19.12,22.1,23.28,21.5,21.32,19.51,16.34,13.88,8.16,16.57
